{
  "strategy": "ema_crossover",
  "data": {
    "timestamp": [1750218955344, 1750219255344, 1750219555344, 1750219855344, 1750220155344],
    "open": [45000, 44695.15692871395, 45092.71372097264, 45346.95534908228, 45334.887497933996],
    "high": [45362.30591254787, 45264.34917535989, 45556.5615208842, 45742.27184753073, 45522.09401400398],
    "low": [44690.13181079102, 44399.77008928343, 44867.638166896235, 45320.011800372835, 45168.20691101907],
    "close": [44695.15692871395, 45092.71372097264, 45346.95534908228, 45334.887497933996, 45509.567389713164],
    "volume": [77.79854591174514, 8.30592946219001, 6.520963885582054, 14.236580731760595, 25.275791884674238]
  },
  "parameters": {
    "fast_period": 2,
    "slow_period": 3,
    "lookback": 2
  }
}